,Genre
pop,649
rock,648
hip hop,543
jazz,286
alternative rock,224
country,203
soul,189
classical,146
singer-songwriter,138
latin,135
hard rock,128
electronic,126
french,126
folk,125
indie rock,124
latin pop,107
turkish,105
pop rock,100
j-pop,86
new wave,85
german,81
classic pop and rock,79
british,77
likedis auto,65
norwegian,64
progressive rock,63
reggaeton,60
greek,59
sillyname,57
dance-pop,55
schlager,51
k-pop,51
rock and indie,50
blues rock,50
folk rock,48
chinese,47
punk,47
polish,47
r&b,46
heavy metal,45
dutch,44
reggae,44
japanese,43
eurodance,41
finnish,40
rap,39
indie pop,39
contemporary r&b,39
english,36
funk,34
italian,34
blues,31
salsa,31
2008 universal fire victim,31
uk,30
soft rock,29
trip hop,28
pop punk,27
comedy,27
swedish,27
mpb,25
pop rap,25
pop and chart,25
nu metal,25
chanson française,24
sertanejo,23
electropop,23
hungarian,23
punk rock,23
contemporary christian,22
conductor,22
cantopop,22
house,22
soundtrack,21
disco,21
drum and bass,21
korean ballad,20
danish,20
trance,19
canadian,19
american,19
ska,19
psychedelic rock,18
gospel,18
indie folk,18
dance,18
art rock,17
pianist,17
synth-pop,17
latin urban,17
czech,17
ballad,16
composer,16
symphony orchestra,16
latin ballad,16
hip hop rnb and dance hall,16
jazz and blues,16
dansband,16
german audiobook reader,15
southern rock,15
canada,15
mandopop,15
austrian,15
metal,15
has german audiobooks,15
glam metal,15
dream pop,14
death by covid-19,14
girl group,14
power metal,14
brazilian,14
j-rock,14
world,14
alternative metal,14
merengue,13
death metal,13
post-rock,13
metalcore,13
rockabilly,13
flamenco,12
synthpop,12
turbo-folk,12
spanish,12
pop soul,12
post-punk,12
kpop,12
power pop,11
easy listening,11
boy band,11
the netherlands,11
britpop,11
tango,11
gothic rock,11
country pop,11
new age,11
ambient,11
romanian,11
dubstep,11
industrial metal,11
hip-hop,11
series title as artist,11
a cappella,11
glam rock,10
australian,10
fixme label mess,10
icelandic,10
stoner metal,10
progressive metal,10
acid jazz,10
singer,10
psychedelic pop,10
dancehall,10
levenslied,9
chanson,9
cumbia,9
alternative,9
thrash metal,9
quebec,9
art pop,9
europop,9
electro house,9
special purpose artist,8
grunge,8
orchestra,8
soprano,8
country rock,8
piano,8
post-grunge,8
celtic,8
american idol,8
dark wave,8
iskelmä,8
garage rock,8
downtempo,8
indie,8
swing,7
jazz-funk,7
electro,7
idol kayō,7
mariachi,7
soul and reggae,7
irish,7
seen live,7
dance and electronica,7
latin rock,7
samba,7
singer/songwriter,7
pagode,7
roots rock,6
cumbia argentina,6
clean up,6
emo,6
surf rock,6
arabic,6
scottish,6
jazz fusion,6
teen pop,6
vocal jazz,6
fado,6
awesomename,6
horror punk,6
christian rock,6
symphonic metal,6
violinist,6
mexican,6
classical crossover,6
black metal,5
slovak,5
trap,5
author,5
post-hardcore,5
electronica,5
krautrock,5
axé,5
rnb,5
jazz rock,5
70s,5
swiss,5
cellist,5
opera,5
enka,5
heartland rock,5
latin hip hop,5
european,5
romanian singer,5
n2,5
blue-eyed soul,5
rock and roll,5
iswcs pending,4
60s,4
french pop,4
usa,4
bachata,4
bossa nova,4
progressive house,4
hello project,4
has german audio plays,4
folk pop,4
instrumental,4
death by heart attack,4
stoner rock,4
contemporary folk,4
rave,4
finland,4
hardcore punk,4
new jack swing,4
audiobook,4
star académie,4
bluegrass,4
indietronica,4
poetics,4
italo-disco,4
grime,4
actor,4
doujin,4
27 club,4
smooth jazz,4
bogus artist,4
eurovision,4
children,4
electroclash,4
visual kei,4
industrial rock,4
arabesk,4
rap rock,4
tenor,4
melodic death metal,4
cabaret,4
zoé,4
portuguese,3
soul jazz,3
grebo,3
happy hardcore,3
kids,3
duranguense,3
england,3
aor,3
kizomba,3
laiko,3
harpsichordist,3
alternative pop,3
easy listening soundtracks and musicals,3
germany,3
disco polo,3
catalan,3
vocaloid,3
néo-trad,3
rapper,3
traditional pop,3
producer,3
nouvelle star,3
korean,3
mc,3
new romantic,3
choir,3
classic rock,3
forró,3
shoegaze,3
baroque pop,3
celtic punk,3
session,3
alternative country,3
latin trap,3
regional mexicano,3
christian,3
techno,3
conscious hip hop,3
fixme,3
russian,3
adult contemporary,3
belgian,3
film composer,3
bolero,3
death by murder,3
progressive folk,3
malaysia,3
puerto rican,3
gangsta rap,3
crossover,3
modern classical,3
funk metal,3
fixme 2012,3
contemporary country,3
german voice actor,3
corrido,3
norteño,3
forró universitário,3
noise rock,3
acoustic rock,3
audio drama,3
n,3
related-akb48,3
iranian,3
alternative dance,3
neue deutsche härte,3
ndw,2
underground hip-hop,2
lyricist,2
neo soul,2
songwriter,2
chillout,2
folclore,2
symphonic prog,2
cananda,2
outlaw country,2
10s,2
americana,2
つんく♂プロデュース,2
belgium,2
argentina,2
brony,2
synthwave,2
doom metal,2
new flamenco,2
neue deutsche welle,2
fictitious-artist,2
electronic rock,2
dance-punk,2
welsh,2
andalusian rock,2
miami bass,2
new orleans r&b,2
vocal,2
dutch pianist,2
romanian band,2
christmas music,2
nuno,2
british violinist,2
burned,2
_tidy,2
rhythm & blues,2
freak folk,2
industrial,2
perth,2
tango singer,2
ragga,2
sunshine pop,2
trot,2
pop/rock,2
rhythm and blues,2
tropicália,2
progressive trance,2
eurovision 2022 artists,2
grupera,2
sierreño,2
bbq reggae,2
comedy rap,2
contemporary classical,2
hello project groups,2
afrobeat,2
la arrolladora,2
chamber folk,2
relative-second cousin,2
orchestral,2
electrotango,2
contemporary gospel,2
the very best of mtv unplugged,2
asian,2
pop music,2
calypso,2
brega,2
neo-soul,2
trumpeter,2
france,2
raggacore,2
cumbia mexicana,2
delta blues,2
noyz narcos & fritz da cat,2
ireland,2
kayōkyoku,2
kids music,2
italian orchestra,2
west coast hip hop,2
pub rock,2
francophone,2
cantonese,2
new zealand,2
guitarist,2
south african,2
variété française,2
experimental rock,2
french singer,2
smooth soul,2
80s,2
lounge,2
breton,2
guitariste,2
gothic metal,2
string quartet,2
polish orchestra,2
futurepop,2
south korea,2
celtic rock,2
1989,2
collective pseudonym,2
nederpop,2
aln-sh,2
death by emphysema,2
groove metal,1
instrumental rock,1
austrian actor,1
http://po.st/homeit,1
folk music,1
symphonic black metal,1
cante,1
hong kong artist,1
stevie ray vaughan,1
acoustic,1
sertanejo romântico,1
piano pop,1
sitar,1
somo,1
mia aegerter,1
norsk,1
pays-bas,1
southern hip hop,1
australian pianist,1
reggae fusion,1
rising pop,1
belo,1
brutal death metal,1
death by cancer,1
low german,1
before : 5 pages of recordings,1
symphonic-metal,1
fantasy,1
alternative hip hop,1
japanese rock,1
00s,1
chile,1
kr,1
pop and r&b,1
n3,1
españa,1
nueva canción chilena,1
wales,1
relative-cousin,1
female,1
death by taxes,1
elvis,1
spanish orchestra,1
sami,1
producteur,1
funk rock,1
label = universal music + oorong-sha,1
brazilian band,1
latvian,1
hawaiian music,1
#yk,1
actress,1
the workout,1
death by prostate cancer,1
jamster/jamba,1
death by stomach cancer,1
french pianist,1
spanish singer,1
film score,1
quando deus quer ninguém segura,1
shibuya-kei,1
tejano,1
unknown year,1
german-lyrics,1
vocal dance,1
korea,1
drone metal,1
cover,1
media music,1
māori,1
baroque music,1
club/dance,1
cumbia villera,1
minneapolis sound,1
sol3 trio,1
ytmnd,1
bhangra,1
pagan folk,1
manufactured music,1
volkstümliche musik,1
afrique du sud,1
sonngwriter,1
2-step,1
big room house,1
thurso,1
pezet,1
trumpet,1
colombia,1
sea shanty,1
neighbours,1
repčuga,1
mendelssohn,1
russian chanson,1
splitme,1
américain,1
electro swing,1
g-funk,1
athletic,1
ghent sioen belgium,1
progressive electronic,1
ploc,1
war,1
violin,1
rai,1
french trumpetist,1
kuduro,1
britannique,1
nazo,1
trip-hop,1
c86,1
jangle pop,1
stage & screen,1
austria,1
rautalanka,1
pop reggae,1
hardrock,1
cypriot,1
evelin vordermeier,1
studio100,1
neoclassical new age,1
romanticism,1
magtens korridorer,1
honky tonk,1
hardbag,1
si tu no vuelves,1
lo-fi,1
parolier,1
eska,1
classic country,1
hiphop,1
alternative folk,1
austrian pianist,1
finnish baritone,1
academy award winner,1
male choir,1
death by stroke,1
green star,1
south africa,1
cantonese opera,1
葉加瀬太郎,1
label as artist,1
trumpetist,1
philly soul,1
dj,1
lo-fi hip hop,1
squirrel metal,1
cuban,1
asfalt,1
finnish tango,1
donguralesko,1
stjerne for en aften 2004,1
beady eye,1
space rock,1
indian,1
acid rock,1
cult leader,1
emo-pop,1
morcheeba,1
traditional country,1
matt schwartz,1
belgian violinist,1
baritone,1
ringo starr,1
komşu,1
synthie-pop,1
cowpunk,1
berber,1
parody,1
sludge metal,1
morna,1
instrumental metal,1
changing faces,1
palingsound,1
jerk rap,1
#trapstar,1
dkz,1
xanadu,1
german jazz,1
finnish soprano,1
48,1
johnny's,1
ybn nahmir,1
neofolk,1
islande,1
polish bass-baritone,1
breakbeat hardcore,1
slim,1
italian pop,1
noise,1
pop country rock,1
miroslav žbirka,1
synth pop,1
comiket,1
comedy rock,1
月待哀愁歌,1
south korean,1
swamp rock,1
skoop on somebody,1
dizzy mizz lizzy,1
80 s fresh new drammen linea dale pop kent cato sundberg norway peter michelsen nrk,1
chamber pop,1
pop-rock,1
20 baladas inolvidables vol. 2,1
sublime exile recordings,1
united kingdom,1
klangkarussell,1
euro disco,1
tropical house,1
icelandic pianist,1
psytrance,1
bass-baritone,1
børneradio,1
fivepenny,1
chris hardman,1
rock opera,1
sentimento,1
viking metal,1
gypsy jazz,1
siri rap,1
crunk,1
canadian composer,1
andy partridge,1
swedish pop/rock,1
maggot brain,1
switzerland,1
harp,1
musical theatre,1
sbb,1
australien,1
bebop,1
norway,1
molnár ferenc,1
not grime,1
r,1
multiple ipi,1
the night fly,1
boogie,1
lafee,1
a filk artist,1
jam band,1
not colourful records,1
tsunku-produced,1
ethnic,1
ska punk,1
fix 秋元裕子 ac re-done ? edit:14273514,1
deadpan,1
irish folk,1
british rapper,1
rock & roll,1
pra você guardei amor,1
shidaiqu,1
columbia future,1
oriental ballad,1
hijo de la luna,1
dansktop,1
uk garage,1
synth funk,1
brazil,1
p-funk,1
variété,1
mixed choir,1
grammy winner,1
country rap,1
festa,1
african,1
space jungle,1
argentinian,1
children's music,1
folk punk,1
ragtime,1
euskal rock,1
lflores077@gmail.com,1
contemporary jazz,1
zouk,1
new york,1
south park character,1
show tunes,1
saxaphone,1
bmg/ariola,1
power noise,1
london,1
christian metal,1
toni,1
crossover prog,1
death by automobile,1
afro-cuban,1
no me halbes,1
poland,1
miliki,1
english soprano,1
exotica,1
countertenor,1
country gospel,1
tak matsumoto,1
medieval,1
tagged,1
flugels,1
c’était mieux avant,1
chenoa female singer spanish latin ot pop rock,1
samba pagode,1
iceland,1
celtic metal,1
funk colchester,1
brainpower,1
mandarin,1
novelty songs,1
ærmelunden,1
distant dreamer,1
art-rock,1
country blues,1
film soundtrack,1
boom bap,1
swedish conductor,1
siberian punk,1
glitch pop,1
neo-psychedelia,1
japan,1
brasil,1
finnish rap,1
british soprano,1
politician,1
electronic dance music,1
city pop,1
gramophone award,1
production music,1
turkish classical,1
finnish singer,1
payaso,1
sexy,1
todo-works,1
swiss composer,1
roots,1
meme,1
rumba,1
angus and julia stone,1
k-on,1
hardcore,1
ccm,1
spoken word,1
mundart,1
axe,1
nasheed,1
sm entertainment,1
playback singer,1
bandoneón,1
alt-country,1
new beat,1
tecnorumba,1
electric blues,1
roots reggae,1
euro house,1
experimental,1
adult album alternative,1
persian,1
whiskers,1
_clean up recordings,1
kim falo,1
chamber orchestra,1
lambada,1
iveta bartosova,1
mas mojinos,1
caribbean,1
british composer,1
courrier,1
childrens music,1
garage punk,1
100%,1
polish hip-hop,1
slam,1
british harpsichordist,1
düsseldorf,1
wat,1
nuevo flamenco,1
herleo muntu,1
ange,1
operatic pop,1
topnotch,1
youtuber,1
anti-folk,1
quiet storm,1
dark ambient,1
rpm give my all,1
cantautore,1
group,1
post-metal,1
flower power,1
film music,1
37322166 crayon d’all links,1
dub,1
pop idols,1
country singer,1
the witcher,1
scarlet pleasure,1
emi finance adjustment,1
trumpets,1
vallenato,1
mbalax,1
afro-cuban jazz,1
piano duo,1
c64 remix,1
humorist,1
cloud rap,1
spanish rock,1
native american,1
east coast,1
オフ・コース,1
jasrac lost iswc,1
ao vivo,1
crust punk,1
nu jazz,1
anarcho-punk,1
bro-country,1
art punk,1
dutch violinist,1
singer songwriter,1
yacht rock,1
rialto,1
lgbtqi,1
simon and,1
færøerne,1
rock-polo,1
hamilton,1
good music selection,1
kawaii metal,1
2000s,1
funeral doom metal,1
!hyperfocus,1
multi-instrumentalist,1
roberto carlos,1
angel beats,1
ch mundart rock,1
scotland,1
villagegreen,1
progressive pop,1
swamp pop,1
brostep,1
rock-pop,1
mashup,1
zion noiz,1
dansk melodi grand prix,1
british folk-rock,1
